<?xml version="1.0" encoding="UTF-8"?>
<metadata xml:lang="en"><Esri><CreaDate>20250122</CreaDate><CreaTime>14430200</CreaTime><ArcGISFormat>1.0</ArcGISFormat><SyncOnce>TRUE</SyncOnce><DataProperties><lineage><Process ToolSource="c:\program files (x86)\arcgis\desktop10.1\ArcToolbox\Toolboxes\Data Management Tools.tbx\CalculateField" Date="20151230" Time="163256">CalculateField Karnataka_Drain_Canal_SISDP Name [n] VB #</Process><Process ToolSource="c:\program files (x86)\arcgis\desktop10.1\ArcToolbox\Toolboxes\Data Management Tools.tbx\CalculateField" Date="20151230" Time="163358">CalculateField Karnataka_Drain_Canal_SISDP Name [PI_DR1] VB #</Process><Process ToolSource="c:\program files (x86)\arcgis\desktop10.1\ArcToolbox\Toolboxes\Data Management Tools.tbx\CalculateField" Date="20151230" Time="163415">CalculateField Karnataka_Drain_Canal_SISDP Name [PI_DR1] VB #</Process></lineage><itemProps><itemLocation><linkage Sync="TRUE">file://\\Server\d\WRD_Assets_19_12_2024\Canal_Network</linkage><protocol Sync="TRUE">Local Area Network</protocol></itemLocation></itemProps><copyHistory><copy source="\\Server\d\WRD_Canal Network_Nomenclature\Canal_Network" dest="\\Server\d\WRD_Assets_19_12_2024\Canal_Network" date="20250108" time="17263400"></copy></copyHistory></DataProperties></Esri></metadata>
